{"cameraMode":{"drawMode":0,"name":"Shaded","section":"Shading Mode"},"sceneLighting":true,"audioPlay":false,"sceneViewState":{"showFog":true,"showMaterialUpdate":false,"showSkybox":true,"showFlares":true,"showImageEffects":true,"showParticleSystems":true,"showVisualEffectGraphs":true,"m_FxEnabled":true},"in2DMode":false,"pivot":{"x":0.241949200630188,"y":0.5166199207305908,"z":1.5010504722595215},"rotation":{"x":-0.1679718792438507,"y":0.10829462856054306,"z":-0.018568186089396478,"w":-0.9796506762504578},"size":2.2792491912841799,"orthographic":false}